protocol_number,protocol,config/HP_AUG_PER,aug_type,when_aug_performed,TP,TN,FP,FN,APCER,BPCER,ACER,EER,AUC,Multi_TP,Multi_TN,Multi_FP,Multi_FN,Multi_APCER,Multi_BPCER,Multi_ACER,Multi_EER,Multi_AUC,config/HP_REPEAT,fold_number
2,LOO_ASUS,0.0,Baseline,None,1227.3333333333333,9325.833333333334,56.166666666666664,128.66666666666666,0.09488692232055058,0.005986641085767017,0.050436781703158795,0.08689011602712726,0.9495632182968411,4.0,8.0,0.0,0.0,0.0,0.0,0.0,0.0,1.0,1.5,1.0
2,LOO_ASUS,0.05,GenAugSpoofOnly,AfterSplit,1230.5,9245.5,136.5,125.5,0.09255162241887901,0.014549136644638624,0.05355037953175882,0.08547826157827262,0.9464496204682411,4.0,8.0,0.0,0.0,0.0,0.0,0.0,0.0,1.0,1.5,1.0
2,LOO_ASUS,0.05,GenAugSpoofOnly,BeforeSplit,1212.1666666666665,9330.333333333332,51.666666666666664,143.83333333333331,0.10607177974434606,0.005506999218361359,0.05578938948135369,0.09595681069827805,0.9442106105186463,4.0,8.0,0.0,0.0,0.0,0.0,0.0,0.0,1.0,1.5,1.0
2,LOO_ASUS,0.05,TradAugSpoofOnly,AfterSplit,1227.0,9335.166666666666,46.833333333333336,129.0,0.09513274336283183,0.004991828323740433,0.05006228584328617,0.08714871059845453,0.9499377141567137,,,,,,,,,,1.5,1.0
2,LOO_ASUS,0.05,TradAugSpoofOnly,BeforeSplit,1248.8333333333333,9173.5,208.5,107.16666666666667,0.07903146509341195,0.02222340652312935,0.05062743580827067,0.0826029063085962,0.9493725641917292,,,,,,,,,,1.5,1.0
2,LOO_ASUS,0.1,GenAugSpoofOnly,AfterSplit,1226.1666666666667,9325.5,56.5,129.83333333333334,0.09574729596853487,0.006022170112982266,0.05088473304075855,0.08760978923888112,0.9491152669592414,4.0,8.0,0.0,0.0,0.0,0.0,0.0,0.0,1.0,1.5,1.0
2,LOO_ASUS,0.1,GenAugSpoofOnly,BeforeSplit,1217.5833333333335,9217.666666666668,164.33333333333334,138.41666666666669,0.10207718780727625,0.017515810417110735,0.059796499112193494,0.09414489735727057,0.9402035008878065,4.0,8.0,0.0,0.0,0.0,0.0,0.0,0.0,1.0,1.5,1.0
2,LOO_ASUS,0.1,TradAugSpoofOnly,AfterSplit,1255.3333333333333,9340.833333333334,41.166666666666664,100.66666666666667,0.0742379547689282,0.00438783486108145,0.0393128948150048,0.06937011282857007,0.9606871051849951,,,,,,,,,,1.5,1.0
2,LOO_ASUS,0.1,TradAugSpoofOnly,BeforeSplit,1240.8333333333333,9334.0,48.0,115.16666666666667,0.08493117010816122,0.005116179918993767,0.045023675013577485,0.07852342434839517,0.9549763249864225,,,,,,,,,,1.5,1.0
2,LOO_ASUS,0.2,GenAugSpoofOnly,AfterSplit,1231.0,9303.0,79.0,125.0,0.0921828908554572,0.008420379450010618,0.05030163515273389,0.08488117296448329,0.9496983648472661,4.0,8.0,0.0,0.0,0.0,0.0,0.0,0.0,1.0,1.5,1.0
2,LOO_ASUS,0.2,GenAugSpoofOnly,BeforeSplit,1231.25,9297.416666666666,84.58333333333333,124.75,0.09199852507374628,0.009015490655865776,0.050507007864806025,0.08467397270774768,0.949492992135194,4.0,8.0,0.0,0.0,0.0,0.0,0.0,0.0,1.0,1.5,1.0
2,LOO_ASUS,0.2,TradAugSpoofOnly,AfterSplit,1266.5,9228.0,154.0,89.5,0.0660029498525073,0.01641441057343845,0.04120868021297288,0.06264767325032371,0.9587913197870271,,,,,,,,,,1.5,1.0
2,LOO_ASUS,0.2,TradAugSpoofOnly,BeforeSplit,1262.3333333333333,9326.333333333334,55.666666666666664,93.66666666666667,0.06907571288102256,0.005933347544944167,0.03750453021298337,0.06492465961060029,0.9624954697870165,,,,,,,,,,1.5,1.0
2,LOO_ASUS,0.3,GenAugSpoofOnly,AfterSplit,1235.6666666666665,9266.666666666668,115.33333333333333,120.33333333333334,0.08874139626352012,0.012293043416471224,0.05051721983999566,0.08203375234735524,0.9494827801600043,4.0,8.0,0.0,0.0,0.0,0.0,0.0,0.0,1.0,1.5,1.0
2,LOO_ASUS,0.3,GenAugSpoofOnly,BeforeSplit,1225.5833333333335,9209.25,172.75,130.41666666666669,0.096177482792527,0.01841291835429541,0.057295200573411184,0.0888604381924955,0.9427047994265888,4.0,8.0,0.0,0.0,0.0,0.0,0.0,0.0,1.0,1.5,1.0
2,LOO_ASUS,0.3,TradAugSpoofOnly,AfterSplit,1273.1666666666667,9288.333333333334,93.66666666666667,82.83333333333333,0.06108652900688297,0.00998365664748095,0.035535092827181966,0.05801452556146919,0.9644649071728179,,,,,,,,,,1.5,1.0
2,LOO_ASUS,0.3,TradAugSpoofOnly,BeforeSplit,1263.6666666666667,9303.166666666666,78.83333333333333,92.33333333333333,0.0680924287118977,0.008402614936402984,0.03824752182415034,0.06423774371010776,0.9617524781758496,,,,,,,,,,1.5,1.0
2,LOO_IP7P,0.0,Baseline,None,1771.0,9121.666666666666,260.3333333333333,1.0,0.00056433408577875,0.027748170255098365,0.014156252170438548,0.02659448808325235,0.9858437478295613,4.0,8.0,0.0,0.0,0.0,0.0,0.0,0.0,1.0,1.5,1.0
2,LOO_IP7P,0.05,GenAugSpoofOnly,AfterSplit,1771.0,9105.166666666668,276.83333333333337,1.0,0.0005643340857787166,0.029506857102252496,0.015035595594015625,0.028004569732484233,0.9849644044059844,4.0,8.0,0.0,0.0,0.0,0.0,0.0,0.0,1.0,1.5,1.0
2,LOO_IP7P,0.05,GenAugSpoofOnly,BeforeSplit,1771.3333333333333,9087.583333333332,294.4166666666667,0.6666666666666666,0.000376222723852475,0.03138101328785613,0.0158786180058543,0.0293941910988734,0.9841213819941457,4.0,8.0,0.0,0.0,0.0,0.0,0.0,0.0,1.0,1.5,1.0
2,LOO_IP7P,0.05,TradAugSpoofOnly,AfterSplit,1771.3333333333333,9211.5,170.5,0.6666666666666666,0.0003762227238524667,0.018173097420592584,0.009274660072222534,0.01778018031584325,0.9907253399277774,,,,,,,,,,1.5,1.0
2,LOO_IP7P,0.05,TradAugSpoofOnly,BeforeSplit,1771.1666666666667,9243.833333333334,138.16666666666666,0.8333333333333334,0.0004702784048156,0.0147267817807148,0.007598530092765216,0.014478132778030834,0.9924014699072347,,,,,,,,,,1.5,1.0
2,LOO_IP7P,0.1,GenAugSpoofOnly,AfterSplit,1771.25,9191.916666666668,190.08333333333331,0.75,0.000423250564334025,0.020260427769487617,0.010341839166910833,0.019769331401637533,0.989658160833089,4.0,8.0,0.0,0.0,0.0,0.0,0.0,0.0,1.0,1.5,1.0
2,LOO_IP7P,0.1,GenAugSpoofOnly,BeforeSplit,1771.25,9169.0,213.0,0.75,0.000423250564334025,0.022703048390535017,0.011563149477434526,0.021837893875317694,0.9884368505225654,4.0,8.0,0.0,0.0,0.0,0.0,0.0,0.0,1.0,1.5,1.0
2,LOO_IP7P,0.1,TradAugSpoofOnly,AfterSplit,1771.3333333333333,9010.5,371.5,0.6666666666666666,0.0003762227238524667,0.03959710083137922,0.019986661777615832,0.03802460873548615,0.9800133382223842,,,,,,,,,,1.5,1.0
2,LOO_IP7P,0.1,TradAugSpoofOnly,BeforeSplit,1771.1666666666667,9039.833333333334,342.1666666666667,0.8333333333333334,0.0004702784048155833,0.03647054643643853,0.018470412420627066,0.0349888489123985,0.9815295875793728,,,,,,,,,,1.5,1.0
2,LOO_IP7P,0.2,GenAugSpoofOnly,AfterSplit,1771.0833333333335,9178.25,203.75,0.9166666666666667,0.0005173062452971417,0.021717117885312248,0.011117212065304725,0.02101657588759696,0.9888827879346952,4.0,8.0,0.0,0.0,0.0,0.0,0.0,0.0,1.0,1.5,1.0
2,LOO_IP7P,0.2,GenAugSpoofOnly,BeforeSplit,1771.4166666666667,9301.583333333332,80.41666666666666,0.5833333333333334,0.00032919488337091666,0.008571377815675359,0.004450286349523125,0.008442499068696343,0.9955497136504768,4.0,8.0,0.0,0.0,0.0,0.0,0.0,0.0,1.0,1.5,1.0
2,LOO_IP7P,0.2,TradAugSpoofOnly,AfterSplit,1771.1666666666667,9120.833333333334,261.1666666666667,0.8333333333333334,0.0004702784048155833,0.02783699282313648,0.014153635613976015,0.02694434432631743,0.9858463643860239,,,,,,,,,,1.5,1.0
2,LOO_IP7P,0.2,TradAugSpoofOnly,BeforeSplit,1771.3333333333333,8891.166666666666,490.8333333333333,0.6666666666666666,0.0003762227238524667,0.05231649257443325,0.026346357649142865,0.049259271632899525,0.973653642350857,,,,,,,,,,1.5,1.0
2,LOO_IP7P,0.3,GenAugSpoofOnly,AfterSplit,1771.25,9227.0,155.0,0.75,0.000423250564334025,0.01652099765508416,0.008472124109709092,0.015907191110989826,0.9915278758902908,4.0,8.0,0.0,0.0,0.0,0.0,0.0,0.0,1.0,1.5,1.0
2,LOO_IP7P,0.3,GenAugSpoofOnly,BeforeSplit,1771.4166666666665,9216.0,166.0,0.5833333333333333,0.0003291948833709083,0.0176934555531869,0.009011325218278899,0.017360148264043883,0.990988674781721,4.0,8.0,0.0,0.0,0.0,0.0,0.0,0.0,1.0,1.5,1.0
2,LOO_IP7P,0.3,TradAugSpoofOnly,AfterSplit,1770.8333333333333,8921.5,460.5,1.1666666666666667,0.0006583897667418333,0.0490833510978469,0.024870870432294384,0.04646999878142107,0.9751291295677055,,,,,,,,,,1.5,1.0
2,LOO_IP7P,0.3,TradAugSpoofOnly,BeforeSplit,1771.1666666666667,8866.333333333334,515.6666666666666,0.8333333333333334,0.0004702784048156,0.05496340510196827,0.027716841753391914,0.050800727561839266,0.9722831582466079,,,,,,,,,,1.5,1.0
2,LOO_IPP2017,0.0,Baseline,None,1564.8333333333333,9283.166666666666,98.83333333333333,172.16666666666666,0.09911725196699285,0.010534356569317083,0.05482580426815497,0.09097112586925772,0.945174195731845,4.0,8.0,0.0,0.0,0.0,0.0,0.0,0.0,1.0,1.5,1.0
2,LOO_IPP2017,0.05,GenAugSpoofOnly,AfterSplit,1504.3333333333333,9267.666666666666,114.33333333333334,232.66666666666669,0.13394741892151213,0.012186456334825508,0.07306693762816883,0.11591823479031421,0.9269330623718313,3.916666666666667,8.0,0.0,0.08333333333333333,0.020833333333333332,0.0,0.010416666666666666,0.016666666666666666,0.9895833333333333,1.5,1.0
2,LOO_IPP2017,0.05,GenAugSpoofOnly,BeforeSplit,1497.9166666666665,9313.666666666666,68.33333333333333,239.08333333333334,0.13764152753790057,0.0072834505791231,0.07246248905851183,0.1149506231743139,0.9275375109414881,3.833333333333333,8.0,0.0,0.16666666666666666,0.041666666666666664,0.0,0.020833333333333332,0.027777777777777776,0.9791666666666667,1.5,1.0
2,LOO_IPP2017,0.05,TradAugSpoofOnly,AfterSplit,1558.0,9328.333333333334,53.666666666666664,179.0,0.10305123776626361,0.005720173381652767,0.0543857055739582,0.09375433732245253,0.9456142944260417,,,,,,,,,,1.5,1.0
2,LOO_IPP2017,0.05,TradAugSpoofOnly,BeforeSplit,1502.3333333333333,9362.5,19.5,234.66666666666666,0.13509882939934748,0.0020784480920912,0.06858863874571935,0.11804714603843099,0.9314113612542806,,,,,,,,,,1.5,1.0
2,LOO_IPP2017,0.1,GenAugSpoofOnly,AfterSplit,1559.3333333333335,9316.583333333334,65.41666666666667,177.66666666666669,0.10228363078104008,0.006972571590989791,0.054628101186014924,0.09318442092362694,0.945371898813985,4.0,8.0,0.0,0.0,0.0,0.0,0.0,0.0,1.0,1.5,1.0
2,LOO_IPP2017,0.1,GenAugSpoofOnly,BeforeSplit,1513.8333333333333,9306.333333333332,75.66666666666667,223.16666666666666,0.12847821915179425,0.008065089177858276,0.06827165416482625,0.11170289514389864,0.9317283458351737,3.916666666666667,8.0,0.0,0.08333333333333333,0.020833333333333332,0.0,0.010416666666666666,0.016666666666666666,0.9895833333333333,1.5,1.0
2,LOO_IPP2017,0.1,TradAugSpoofOnly,AfterSplit,1561.1666666666667,9313.833333333334,68.16666666666667,175.83333333333334,0.10122817117635767,0.007265686065515483,0.05424692862093659,0.09236456668710573,0.9457530713790634,,,,,,,,,,1.5,1.0
2,LOO_IPP2017,0.1,TradAugSpoofOnly,BeforeSplit,1553.3333333333333,9347.166666666666,34.833333333333336,183.66666666666666,0.10573786221454608,0.003712783343992,0.054725322779269066,0.0958357727497044,0.9452746772207309,,,,,,,,,,1.5,1.0
2,LOO_IPP2017,0.2,GenAugSpoofOnly,AfterSplit,1538.0,9314.083333333332,67.91666666666667,199.0,0.11456534254461712,0.007239039295104051,0.06090219091986057,0.103226838341131,0.9390978090801394,4.0,8.0,0.0,0.0,0.0,0.0,0.0,0.0,1.0,1.5,1.0
2,LOO_IPP2017,0.2,GenAugSpoofOnly,BeforeSplit,1542.25,9256.583333333332,125.41666666666666,194.75,0.112118595279217,0.013367796489732067,0.06274319588447454,0.10149507100384768,0.9372568041155255,4.0,8.0,0.0,0.0,0.0,0.0,0.0,0.0,1.0,1.5,1.0
2,LOO_IPP2017,0.2,TradAugSpoofOnly,AfterSplit,1579.3333333333333,9120.0,262.0,157.66666666666666,0.0907695260026866,0.027925815391174547,0.05934767069693053,0.09488507622184382,0.9406523293030693,,,,,,,,,,1.5,1.0
2,LOO_IPP2017,0.2,TradAugSpoofOnly,BeforeSplit,1593.0,8875.833333333334,506.1666666666667,144.0,0.08290155440414505,0.0539508278263341,0.06842619111523955,0.104484321833811,0.9315738088847604,,,,,,,,,,1.5,1.0
2,LOO_IPP2017,0.3,GenAugSpoofOnly,AfterSplit,1554.3333333333333,9281.916666666666,100.08333333333334,182.66666666666666,0.10516215697562845,0.010667590421374218,0.057914873698501325,0.09570040201174279,0.9420851263014987,4.0,8.0,0.0,0.0,0.0,0.0,0.0,0.0,1.0,1.5,1.0
2,LOO_IPP2017,0.3,GenAugSpoofOnly,BeforeSplit,1535.25,9315.25,66.75,201.75,0.11614853195164071,0.007114687699850717,0.061631609825745726,0.10457949449159659,0.9383683901742541,4.0,8.0,0.0,0.0,0.0,0.0,0.0,0.0,1.0,1.5,1.0
2,LOO_IPP2017,0.3,TradAugSpoofOnly,AfterSplit,1559.3333333333333,9287.0,95.0,177.66666666666666,0.10228363078104007,0.010125772756341881,0.05620470176869097,0.09336856483164853,0.943795298231309,,,,,,,,,,1.5,1.0
2,LOO_IPP2017,0.3,TradAugSpoofOnly,BeforeSplit,1582.6666666666667,9241.166666666666,140.83333333333334,154.33333333333334,0.08885050853962766,0.015011013998436665,0.05193076126903215,0.08260974892753228,0.9480692387309677,,,,,,,,,,1.5,1.0
2,LOO_SGS8,0.0,Baseline,None,898.3333333333334,9006.0,376.0,1.6666666666666667,0.00185185185185185,0.040076742698784834,0.020964297275318334,0.03832477233457077,0.9790357027246817,2.0,8.0,0.0,0.0,0.0,0.0,0.0,0.0,1.0,1.5,1.0
2,LOO_SGS8,0.05,GenAugSpoofOnly,AfterSplit,899.9166666666667,9071.833333333334,310.1666666666667,0.08333333333333333,9.259259259259167e-05,0.03305975982377597,0.01657617620818426,0.03160677369333978,0.9834238237918158,2.0,8.0,0.0,0.0,0.0,0.0,0.0,0.0,1.0,1.5,1.0
2,LOO_SGS8,0.05,GenAugSpoofOnly,BeforeSplit,900.0,8962.416666666666,419.5833333333333,0.0,0.0,0.04472216300717681,0.022361081503588377,0.040504785100578616,0.9776389184964116,2.0,8.0,0.0,0.0,0.0,0.0,0.0,0.0,1.0,1.5,1.0
2,LOO_SGS8,0.05,TradAugSpoofOnly,AfterSplit,900.0,8973.5,408.5,0.0,0.0,0.04354082285227027,0.021770411426135117,0.04153189727010841,0.9782295885738649,,,,,,,,,,1.5,1.0
2,LOO_SGS8,0.05,TradAugSpoofOnly,BeforeSplit,900.0,8699.666666666666,682.3333333333334,0.0,0.0,0.07272791870958571,0.03636395935479283,0.0661401792545437,0.963636040645207,,,,,,,,,,1.5,1.0
2,LOO_SGS8,0.1,GenAugSpoofOnly,AfterSplit,899.9166666666667,9017.833333333332,364.16666666666663,0.08333333333333333,9.259259259259167e-05,0.038815462232644024,0.019454027412618285,0.03672239336706118,0.9805459725873817,2.0,8.0,0.0,0.0,0.0,0.0,0.0,0.0,1.0,1.5,1.0
2,LOO_SGS8,0.1,GenAugSpoofOnly,BeforeSplit,899.9166666666667,9152.083333333332,229.91666666666666,0.08333333333333333,9.259259259259167e-05,0.0245061465217082,0.012299369557150375,0.023413725380526784,0.9877006304428497,2.0,8.0,0.0,0.0,0.0,0.0,0.0,0.0,1.0,1.5,1.0
2,LOO_SGS8,0.1,TradAugSpoofOnly,AfterSplit,900.0,8885.5,496.5,0.0,0.0,0.05292048603709224,0.0264602430185461,0.04955751167608663,0.9735397569814538,,,,,,,,,,1.5,1.0
2,LOO_SGS8,0.1,TradAugSpoofOnly,BeforeSplit,900.0,9050.0,332.0,0.0,0.0,0.035386911106373854,0.017693455553186917,0.03380288033690273,0.982306544446813,,,,,,,,,,1.5,1.0
2,LOO_SGS8,0.2,GenAugSpoofOnly,AfterSplit,899.9166666666667,8855.666666666668,526.3333333333334,0.08333333333333333,9.259259259259167e-05,0.056100333972855784,0.028096463282724166,0.04927892263731601,0.9719035367172758,2.0,7.916666666666666,0.08333333333333333,0.0,0.0,0.010416666666666666,0.005208333333333333,0.009259259259259259,0.9947916666666667,1.5,1.0
2,LOO_SGS8,0.2,GenAugSpoofOnly,BeforeSplit,899.6666666666667,9168.333333333332,213.66666666666666,0.3333333333333333,0.00037037037037036667,0.022774106444965483,0.011572238407667891,0.021681322995289284,0.988427761592332,2.0,8.0,0.0,0.0,0.0,0.0,0.0,0.0,1.0,1.5,1.0
2,LOO_SGS8,0.2,TradAugSpoofOnly,AfterSplit,900.0,8786.0,596.0,0.0,0.0,0.06352590066083985,0.03176295033041992,0.059122498758852886,0.9682370496695801,,,,,,,,,,1.5,1.0
2,LOO_SGS8,0.2,TradAugSpoofOnly,BeforeSplit,900.0,8654.5,727.5,0.0,0.0,0.07754210189725001,0.03877105094862498,0.07123858577513964,0.9612289490513749,,,,,,,,,,1.5,1.0
2,LOO_SGS8,0.3,GenAugSpoofOnly,AfterSplit,886.75,9043.916666666668,338.08333333333337,13.25,0.014722222222222218,0.03603531585305189,0.025378769037637035,0.046416483286488536,0.974621230962363,2.0,8.0,0.0,0.0,0.0,0.0,0.0,0.0,1.0,1.5,1.0
2,LOO_SGS8,0.3,GenAugSpoofOnly,BeforeSplit,900.0,8986.333333333332,395.66666666666663,0.0,0.0,0.042172955304483714,0.021086477652241826,0.03918005112228758,0.9789135223477581,2.0,8.0,0.0,0.0,0.0,0.0,0.0,0.0,1.0,1.5,1.0
2,LOO_SGS8,0.3,TradAugSpoofOnly,AfterSplit,900.0,8716.833333333334,665.1666666666666,0.0,0.0,0.07089817380800108,0.03544908690400052,0.06526973145946509,0.9645509130959994,,,,,,,,,,1.5,1.0
2,LOO_SGS8,0.3,TradAugSpoofOnly,BeforeSplit,900.0,8574.5,807.5,0.0,0.0,0.08606906842890637,0.043034534214453135,0.07879234925020018,0.9569654657855468,,,,,,,,,,1.5,1.0
3,UnKnown_P,0.0,Baseline,None,2084.0,9295.166666666666,86.83333333333333,117.0,0.05315765561108585,0.009255311589568617,0.03120648360032725,0.05454443725132587,0.9687935163996727,4.0,8.0,0.0,0.0,0.0,0.0,0.0,0.0,1.0,1.5,1.0
3,UnKnown_P,0.05,GenAugSpoofOnly,AfterSplit,2100.9166666666665,9262.333333333332,119.66666666666666,100.08333333333333,0.045471755262759296,0.012754920770269258,0.029113338016514282,0.044599159547412996,0.9708866619834856,4.0,8.0,0.0,0.0,0.0,0.0,0.0,0.0,1.0,1.5,1.0
3,UnKnown_P,0.05,GenAugSpoofOnly,BeforeSplit,2111.5,9217.0,165.0,89.5,0.04066333484779639,0.017586868471541207,0.02912510165966882,0.0454137206117177,0.9708748983403312,4.0,8.0,0.0,0.0,0.0,0.0,0.0,0.0,1.0,1.5,1.0
3,UnKnown_P,0.05,TradAugSpoofOnly,AfterSplit,2086.8333333333335,9220.5,161.5,114.16666666666667,0.05187036195668632,0.01721381368578125,0.03454208782123377,0.05343676967110248,0.9654579121787662,,,,,,,,,,1.5,1.0
3,UnKnown_P,0.05,TradAugSpoofOnly,BeforeSplit,2149.3333333333335,9079.666666666666,302.3333333333333,51.666666666666664,0.02347417840375582,0.03222482768421795,0.027849503043986885,0.04557064659157097,0.972150496956013,,,,,,,,,,1.5,1.0
3,UnKnown_P,0.1,GenAugSpoofOnly,AfterSplit,2060.25,9129.25,252.75,140.75,0.0639482053611994,0.026939884885951785,0.0454440451235756,0.06799575171769238,0.9545559548764244,3.833333333333333,8.0,0.0,0.16666666666666666,0.041666666666666664,0.0,0.020833333333333332,0.03333333333333333,0.9791666666666667,1.5,1.0
3,UnKnown_P,0.1,GenAugSpoofOnly,BeforeSplit,2109.083333333333,9243.916666666668,138.08333333333331,91.91666666666666,0.04176132061184307,0.014717899523911008,0.028239610067877008,0.04356470768610904,0.9717603899321229,4.0,8.0,0.0,0.0,0.0,0.0,0.0,0.0,1.0,1.5,1.0
3,UnKnown_P,0.1,TradAugSpoofOnly,AfterSplit,2148.3333333333335,9246.5,135.5,52.666666666666664,0.023928517340602713,0.014442549562992917,0.019185533451797816,0.028364241834368486,0.9808144665482023,,,,,,,,,,1.5,1.0
3,UnKnown_P,0.1,TradAugSpoofOnly,BeforeSplit,2151.0,9238.333333333334,143.66666666666666,50.0,0.02271694684234435,0.015313010729766166,0.019014978786055233,0.0316522051874788,0.9809850212139447,,,,,,,,,,1.5,1.0
3,UnKnown_P,0.2,GenAugSpoofOnly,AfterSplit,2076.1666666666665,9240.666666666668,141.33333333333331,124.83333333333334,0.05671664394971977,0.015064307539259525,0.03589047574448965,0.05686496037658917,0.9641095242555102,3.916666666666667,8.0,0.0,0.08333333333333333,0.020833333333333332,0.0,0.010416666666666666,0.016666666666666666,0.9895833333333333,1.5,1.0
3,UnKnown_P,0.2,GenAugSpoofOnly,BeforeSplit,2129.666666666667,9109.083333333334,272.9166666666667,71.33333333333334,0.03240951082841129,0.02908939103247349,0.030749450930442367,0.04706809335356821,0.9692505490695575,4.0,8.0,0.0,0.0,0.0,0.0,0.0,0.0,1.0,1.5,1.0
3,UnKnown_P,0.2,TradAugSpoofOnly,AfterSplit,2158.8333333333335,9251.833333333334,130.16666666666666,42.166666666666664,0.019157958503710385,0.013874085127549167,0.01651602181562978,0.022384975001729066,0.9834839781843702,,,,,,,,,,1.5,1.0
3,UnKnown_P,0.2,TradAugSpoofOnly,BeforeSplit,2183.1666666666665,9060.333333333334,321.6666666666667,17.833333333333332,0.008102377707102768,0.03428551126270158,0.021193944484902184,0.034208901669640836,0.9788060555150978,,,,,,,,,,1.5,1.0
3,UnKnown_P,0.3,GenAugSpoofOnly,AfterSplit,2071.25,9169.25,212.75,129.75,0.05895047705588365,0.022676401620123597,0.040813439338003604,0.06564323671374345,0.9591865606619963,3.916666666666667,8.0,0.0,0.08333333333333333,0.020833333333333332,0.0,0.010416666666666666,0.016666666666666666,0.9895833333333333,1.5,1.0
3,UnKnown_P,0.3,GenAugSpoofOnly,BeforeSplit,2141.8333333333335,9185.75,196.25,59.16666666666667,0.026881720430107475,0.020917714772969467,0.023899717601538466,0.03413986762135693,0.9761002823984615,4.0,8.0,0.0,0.0,0.0,0.0,0.0,0.0,1.0,1.5,1.0
3,UnKnown_P,0.3,TradAugSpoofOnly,AfterSplit,2179.1666666666665,9186.0,196.0,21.833333333333332,0.00991973345449035,0.02089106800255802,0.015405400728524183,0.022602221142657797,0.9845945992714759,,,,,,,,,,1.5,1.0
3,UnKnown_P,0.3,TradAugSpoofOnly,BeforeSplit,2172.3333333333335,9205.5,176.5,28.666666666666668,0.013024382856277416,0.0188126199104668,0.0159185013833721,0.0235107269309618,0.9840814986166277,,,,,,,,,,1.5,1.0
3,UnKnown_R,0.0,Baseline,None,4078.8333333333335,9365.0,17.0,1686.1666666666667,0.29248337669846775,0.0018119803879769166,0.14714767854322233,0.22597259375667286,0.8528523214567776,10.0,8.0,0.0,4.0,0.2857142857142857,0.0,0.1428571428571428,0.2222222222222222,0.8571428571428572,1.5,1.0
3,UnKnown_R,0.05,GenAugSpoofOnly,AfterSplit,4214.5,9356.666666666668,25.333333333333336,1550.5,0.26895056374674753,0.0027002060683578,0.1358253849075527,0.20944017213471,0.8641746150924473,10.416666666666666,8.0,0.0,3.5833333333333335,0.25595238095238093,0.0,0.1279761904761904,0.20163398692810455,0.8720238095238095,1.5,1.0
3,UnKnown_R,0.05,GenAugSpoofOnly,BeforeSplit,3947.6666666666665,9359.583333333334,22.416666666666668,1817.3333333333333,0.3152356172304134,0.0023893270802244917,0.15881247215531893,0.2364940063975876,0.841187527844681,9.5,8.0,0.0,4.5,0.3214285714285714,0.0,0.16071428571428564,0.23802459580323354,0.8392857142857144,1.5,1.0
3,UnKnown_R,0.05,TradAugSpoofOnly,AfterSplit,4080.8333333333335,9364.166666666666,17.833333333333332,1684.1666666666667,0.29213645562301244,0.0019008029560150165,0.1470186292895137,0.22529282510301127,0.8529813707104862,,,,,,,,,,1.5,1.0
3,UnKnown_R,0.05,TradAugSpoofOnly,BeforeSplit,4068.6666666666665,9366.833333333334,15.166666666666666,1696.3333333333333,0.29424689216536565,0.0016165707382931333,0.14793173145182942,0.2272915419199936,0.8520682685481705,,,,,,,,,,1.5,1.0
3,UnKnown_R,0.1,GenAugSpoofOnly,AfterSplit,3844.833333333333,9361.0,21.0,1920.1666666666667,0.3330731425267418,0.0022383287145597503,0.16765573562065078,0.24514311570978736,0.832344264379349,9.416666666666666,8.0,0.0,4.583333333333333,0.32738095238095233,0.0,0.1636904761904761,0.24069344111913768,0.836309523809524,1.5,1.0
3,UnKnown_R,0.1,GenAugSpoofOnly,BeforeSplit,3851.0,9362.083333333332,19.916666666666668,1914.0,0.3320034692107545,0.0021228593761102336,0.1670631642934324,0.24675166848771973,0.8329368357065676,9.583333333333332,8.0,0.0,4.416666666666667,0.31547619047619047,0.0,0.15773809523809518,0.2375616328402706,0.8422619047619049,1.5,1.0
3,UnKnown_R,0.1,TradAugSpoofOnly,AfterSplit,4163.666666666667,9360.333333333334,21.666666666666668,1601.3333333333333,0.2777681410812373,0.0023093867689902,0.14003876392511375,0.21751333586197452,0.8599612360748862,,,,,,,,,,1.5,1.0
3,UnKnown_R,0.1,TradAugSpoofOnly,BeforeSplit,4048.3333333333335,9360.166666666666,21.833333333333332,1716.6666666666667,0.29777392309916156,0.002327151282597833,0.1500505371908797,0.22913451003299137,0.8499494628091201,,,,,,,,,,1.5,1.0
3,UnKnown_R,0.2,GenAugSpoofOnly,AfterSplit,4044.75,9358.25,23.75,1720.25,0.29839549002601906,0.0025314431890854335,0.15046346660755228,0.22632046693030244,0.8495365333924478,9.833333333333332,8.0,0.0,4.166666666666666,0.29761904761904756,0.0,0.14880952380952375,0.22439791133844844,0.8511904761904763,1.5,1.0
3,UnKnown_R,0.2,GenAugSpoofOnly,BeforeSplit,3838.5,9359.333333333332,22.666666666666664,1926.5,0.33417172593235034,0.002415973850635917,0.16829384989149315,0.24869850915136432,0.8317061501085068,9.666666666666666,8.0,0.0,4.333333333333333,0.3095238095238095,0.0,0.15476190476190468,0.23478385506249283,0.8452380952380953,1.5,1.0
3,UnKnown_R,0.2,TradAugSpoofOnly,AfterSplit,4141.166666666667,9356.5,25.5,1623.8333333333333,0.2816710031801098,0.002717970581965417,0.1421944868810376,0.21955703051113548,0.8578055131189624,,,,,,,,,,1.5,1.0
3,UnKnown_R,0.2,TradAugSpoofOnly,BeforeSplit,4065.3333333333335,9364.333333333334,17.666666666666668,1699.6666666666667,0.2948250939577913,0.0018830384424073667,0.1483540662000993,0.227787281237779,0.8516459337999006,,,,,,,,,,1.5,1.0
3,UnKnown_R,0.3,GenAugSpoofOnly,AfterSplit,3971.333333333333,9364.166666666668,17.833333333333332,1793.6666666666667,0.31113038450419195,0.0019008029560150083,0.15651559373010349,0.236931870174805,0.8434844062698965,9.833333333333332,8.0,0.0,4.166666666666666,0.29761904761904756,0.0,0.14880952380952372,0.2287037037037037,0.8511904761904763,1.5,1.0
3,UnKnown_R,0.3,GenAugSpoofOnly,BeforeSplit,3776.416666666667,9363.0,19.0,1988.5833333333335,0.34494073431627637,0.0020251545512683417,0.17348294443377235,0.25328184591298153,0.8265170555662276,9.25,8.0,0.0,4.75,0.33928571428571425,0.0,0.1696428571428571,0.24887403219614818,0.8303571428571428,1.5,1.0
3,UnKnown_R,0.3,TradAugSpoofOnly,AfterSplit,4198.833333333333,9360.833333333334,21.166666666666668,1566.1666666666667,0.27166811217114767,0.0022560932281673668,0.13696210269965753,0.21354861496613764,0.8630378973003424,,,,,,,,,,1.5,1.0
3,UnKnown_R,0.3,TradAugSpoofOnly,BeforeSplit,4101.5,9363.666666666666,18.333333333333332,1663.5,0.2885516045099739,0.0019540964968378666,0.14525285050340594,0.22378493501226113,0.854747149496594,,,,,,,,,,1.5,1.0
